{"cameraMode":{"drawMode":0,"name":"Shaded","section":"Shading Mode"},"sceneLighting":false,"audioPlay":false,"sceneViewState":{"showFog":true,"showMaterialUpdate":false,"showSkybox":false,"showFlares":true,"showImageEffects":true,"showParticleSystems":true},"in2DMode":false,"pivot":{"x":1178.26318359375,"y":-44.36652374267578,"z":-271.10162353515627},"rotation":{"x":0.05282307416200638,"y":0.09901148825883866,"z":-0.005267240107059479,"w":0.9936740398406982},"size":2587.49609375,"orthographic":false}